SupplierName,SupAddress1,SupAddress2,City,State,SupplierZip,SupplierID,source
Afg Industries Inc            ,Attn : Dorothy Polk       ,5377 Cookbook Circle  ,Vero Beach      ,FL,32967,7,TPCE
American General Ventures Inc ,Attn : Kimberly Yarborough,1616 Goggles Drive    ,Sterling        ,KS,67579,8,TPCE
Black Hills Corporation       ,Attn : Edena Gilbert      ,1618 Greenland Street ,Tallahassee     ,FL,32304,3,TPCE
Dollar General Corporation    ,Attn : Antoinette Hickey  ,3988 Chanced Avenue   ,S Middleton     ,PA,17007,5,TPCE
Fedders Corporation           ,Attn : Virgil Hubert      ,7844 Carelessly Drive ,Overlook        ,WA,98366,9,TPCE
First Bancshares Inc Mo       ,Attn : Jensine Lease      ,11885 Aural Turnpike  ,Louisville      ,KY,40253,6,TPCE
Immunex Corporation           ,Attn : Elbert Glad        ,5841 Pervades Drive   ,Fairfax         ,VA,22035,4,TPCE
Saurer Gruppe Holding Ag      ,Attn : Pearce Valdez      ,3727 Elms Drive       ,South Saint Paul,MN,55077,10,TPCE
Sinclair Broadcast Group Inc  ,Attn : Carla Shelby       ,6037 Ecuadorian Street,Clinton         ,MI,49236,2,TPCE
Specialty Teleconstructors Inc,Attn : Zylina Cox         ,2161 Chalmers Street  ,Salinas         ,CA,93905,1,TPCE